Mutation,Number,Mutated_to
,750, 
S162,233,P D G 
H251,78,K A R 
F255,38,Y 
Q392,242,E D A K S 
W114,43,L M 
L136,111,Y W H E F 
G422,515,R L V I K S 
V323,154,A Y S 
V92,39,I L 
K247,100,D A E F Y H 
P83,103,G F D E A 
M140,298,D S E K Q P C R G A 
S432,69,A T I V 
I31,83,E K R 
V84,77,G E A 
E289,100,Y A H N 
D254,18,E 
F90,65,M V I 
S430,64,E A Q 
H36,57,Y F 
K85,74,E D G 
A230,96,E K 
H112,42,N S Q 
Q128,62,A E S 
V215,81,K E A D T 
I419,34,K R 
H127,41,V I 
T348,31,R K 
K22,31,R N 
N154,20,D 
